{"cameraMode":{"drawMode":0,"name":"Shaded","section":"Shading Mode"},"sceneLighting":true,"audioPlay":false,"sceneViewState":{"m_AlwaysRefresh":true,"showFog":true,"showSkybox":true,"showFlares":true,"showImageEffects":true,"showParticleSystems":true,"showVisualEffectGraphs":true,"m_FxEnabled":true},"in2DMode":false,"pivot":{"x":-7.557085037231445,"y":-11.11606216430664,"z":29.762054443359376},"rotation":{"x":-0.12834060192108155,"y":0.22601459920406342,"z":-0.031011229380965234,"w":-0.9659179449081421},"size":20.570186614990236,"orthographic":false}