{"cameraMode":{"drawMode":0,"name":"Shaded","section":"Shading Mode"},"sceneLighting":true,"audioPlay":false,"sceneViewState":{"m_AlwaysRefresh":true,"showFog":true,"showSkybox":true,"showFlares":true,"showImageEffects":true,"showParticleSystems":true,"showVisualEffectGraphs":true,"m_FxEnabled":true},"in2DMode":false,"pivot":{"x":-0.24352264404296876,"y":6.279714107513428,"z":16.987110137939454},"rotation":{"x":0.1187063604593277,"y":-0.48541978001594546,"z":0.06441397964954376,"w":0.8649176955223084},"size":6.062177658081055,"orthographic":false}