{"cameraMode":{"drawMode":0,"name":"Shaded","section":"Shading Mode"},"sceneLighting":true,"audioPlay":false,"sceneViewState":{"m_AlwaysRefresh":true,"showFog":true,"showSkybox":true,"showFlares":true,"showImageEffects":true,"showParticleSystems":true,"showVisualEffectGraphs":true,"m_FxEnabled":true},"in2DMode":false,"pivot":{"x":2.421492099761963,"y":1.565204381942749,"z":13.970741271972657},"rotation":{"x":-0.013717351481318474,"y":0.9875440001487732,"z":-0.1467813104391098,"w":-0.07173093408346176},"size":3.599339485168457,"orthographic":false}