{"cameraMode":{"drawMode":0,"name":"Shaded","section":"Shading Mode"},"sceneLighting":true,"audioPlay":false,"sceneViewState":{"m_AlwaysRefresh":false,"showFog":true,"showSkybox":true,"showFlares":false,"showImageEffects":true,"showParticleSystems":true,"showVisualEffectGraphs":true,"m_FxEnabled":true},"in2DMode":false,"pivot":{"x":-0.22419953346252442,"y":3.3437938690185549,"z":-0.5003629922866821},"rotation":{"x":0.009775838814675808,"y":-0.9860519170761108,"z":-0.0471988283097744,"w":0.16593952476978303},"size":5.085151672363281,"orthographic":false}