{"cameraMode":{"drawMode":0,"name":"Shaded","section":"Shading Mode"},"sceneLighting":true,"audioPlay":false,"sceneViewState":{"m_AlwaysRefresh":true,"showFog":true,"showSkybox":true,"showFlares":true,"showImageEffects":true,"showParticleSystems":true,"showVisualEffectGraphs":true,"m_FxEnabled":true},"in2DMode":false,"pivot":{"x":42.196739196777347,"y":5.836062431335449,"z":61.03130340576172},"rotation":{"x":-0.02726483903825283,"y":0.3288990259170532,"z":0.006096493452787399,"w":0.945099413394928},"size":31.753353118896486,"orthographic":false}