{"cameraMode":{"drawMode":0,"name":"Shaded","section":"Shading Mode"},"sceneLighting":false,"audioPlay":false,"sceneViewState":{"m_AlwaysRefresh":false,"showFog":true,"showSkybox":true,"showFlares":false,"showImageEffects":true,"showParticleSystems":true,"showVisualEffectGraphs":true,"m_FxEnabled":false},"in2DMode":false,"pivot":{"x":7.8454132080078129,"y":3.958068370819092,"z":-62.96107482910156},"rotation":{"x":0.043900202959775928,"y":0.9556406736373901,"z":-0.22054339945316316,"w":0.19022397696971894},"size":1.3287993669509888,"orthographic":false}