{"cameraMode":{"drawMode":0,"name":"Shaded","section":"Shading Mode"},"sceneLighting":true,"audioPlay":false,"sceneViewState":{"m_AlwaysRefresh":true,"showFog":true,"showSkybox":true,"showFlares":true,"showImageEffects":true,"showParticleSystems":true,"showVisualEffectGraphs":true,"m_FxEnabled":true},"in2DMode":false,"pivot":{"x":6.270473480224609,"y":3.480402946472168,"z":56.81315231323242},"rotation":{"x":0.0352608747780323,"y":0.010685537941753865,"z":-0.004027659073472023,"w":1.0003935098648072},"size":31.753353118896486,"orthographic":false}