{"cameraMode":{"drawMode":0,"name":"Shaded","section":"Shading Mode"},"sceneLighting":true,"audioPlay":false,"sceneViewState":{"m_AlwaysRefresh":false,"showFog":false,"showSkybox":false,"showFlares":true,"showImageEffects":false,"showParticleSystems":true,"showVisualEffectGraphs":true,"m_FxEnabled":true},"in2DMode":false,"pivot":{"x":3.9830076694488527,"y":-4.225068092346191,"z":79.8927993774414},"rotation":{"x":0.05877457186579704,"y":-0.03188873454928398,"z":0.0017209447687491775,"w":0.998273491859436},"size":30.056358337402345,"orthographic":false}