{"cameraMode":{"drawMode":0,"name":"Shaded","section":"Shading Mode"},"sceneLighting":true,"audioPlay":false,"sceneViewState":{"m_AlwaysRefresh":true,"showFog":true,"showSkybox":true,"showFlares":true,"showImageEffects":true,"showParticleSystems":true,"showVisualEffectGraphs":true,"m_FxEnabled":true},"in2DMode":false,"pivot":{"x":-17.869787216186525,"y":0.4245975613594055,"z":24.303756713867189},"rotation":{"x":-0.03310355916619301,"y":0.6212912201881409,"z":-0.02539234794676304,"w":-0.7827686667442322},"size":11.293042182922364,"orthographic":false}