{"cameraMode":{"drawMode":0,"name":"Shaded","section":"Shading Mode"},"sceneLighting":true,"audioPlay":false,"sceneViewState":{"m_AlwaysRefresh":true,"showFog":true,"showSkybox":true,"showFlares":true,"showImageEffects":true,"showParticleSystems":true,"showVisualEffectGraphs":true,"m_FxEnabled":true},"in2DMode":false,"pivot":{"x":-13.163951873779297,"y":0.38794657588005068,"z":12.269937515258789},"rotation":{"x":-0.08302248269319534,"y":0.8200006484985352,"z":-0.11639721691608429,"w":-0.5561303496360779},"size":3.599339485168457,"orthographic":false}