{"cameraMode":{"drawMode":0,"name":"Shaded","section":"Shading Mode"},"sceneLighting":true,"audioPlay":false,"sceneViewState":{"m_AlwaysRefresh":true,"showFog":false,"showSkybox":true,"showFlares":true,"showImageEffects":true,"showParticleSystems":true,"showVisualEffectGraphs":true,"m_FxEnabled":true},"in2DMode":false,"pivot":{"x":-16.908662796020509,"y":-2.0697736740112306,"z":14.220416069030762},"rotation":{"x":0.1384596973657608,"y":-0.6191738843917847,"z":0.11167020350694657,"w":0.7649897933006287},"size":17.691938400268556,"orthographic":false}