{"cameraMode":{"drawMode":0,"name":"Shaded","section":"Shading Mode"},"sceneLighting":false,"audioPlay":false,"sceneViewState":{"m_AlwaysRefresh":false,"showFog":true,"showSkybox":true,"showFlares":false,"showImageEffects":true,"showParticleSystems":true,"showVisualEffectGraphs":true,"m_FxEnabled":false},"in2DMode":false,"pivot":{"x":2.040802478790283,"y":2.3884637355804445,"z":5.065415382385254},"rotation":{"x":-0.023126626387238504,"y":0.21633999049663545,"z":0.005127057433128357,"w":0.9760347604751587},"size":1.3287993669509888,"orthographic":false}