{"cameraMode":{"drawMode":0,"name":"Shaded","section":"Shading Mode"},"sceneLighting":true,"audioPlay":false,"sceneViewState":{"m_AlwaysRefresh":false,"showFog":true,"showSkybox":true,"showFlares":true,"showImageEffects":true,"showParticleSystems":true,"showVisualEffectGraphs":true,"m_FxEnabled":true},"in2DMode":false,"pivot":{"x":5.732865333557129,"y":2.600827693939209,"z":2.6488964557647707},"rotation":{"x":-0.018102874979376794,"y":0.9609360098838806,"z":-0.06530831009149552,"w":-0.26904577016830447},"size":1.3709675073623658,"orthographic":false}