{"cameraMode":{"drawMode":0,"name":"Shaded","section":"Shading Mode"},"sceneLighting":false,"audioPlay":false,"sceneViewState":{"m_AlwaysRefresh":true,"showFog":true,"showSkybox":true,"showFlares":true,"showImageEffects":true,"showParticleSystems":true,"showVisualEffectGraphs":true,"m_FxEnabled":false},"in2DMode":false,"pivot":{"x":1.8502882719039918,"y":1.5962330102920533,"z":5.367049217224121},"rotation":{"x":-0.35250797867774966,"y":0.1842787116765976,"z":-0.07104477286338806,"w":-0.9148048162460327},"size":1.0177258253097535,"orthographic":false}