{"cameraMode":{"drawMode":0,"name":"Shaded","section":"Shading Mode"},"sceneLighting":false,"audioPlay":false,"sceneViewState":{"m_AlwaysRefresh":true,"showFog":true,"showSkybox":true,"showFlares":true,"showImageEffects":true,"showParticleSystems":true,"showVisualEffectGraphs":true,"m_FxEnabled":false},"in2DMode":false,"pivot":{"x":0.6484979391098023,"y":2.0557589530944826,"z":0.6634835004806519},"rotation":{"x":0.022201620042324067,"y":-0.9543493986129761,"z":0.07285207509994507,"w":0.2895202338695526},"size":0.8660253882408142,"orthographic":false}