{"cameraMode":{"drawMode":0,"name":"Shaded","section":"Shading Mode"},"sceneLighting":true,"audioPlay":false,"sceneViewState":{"m_AlwaysRefresh":true,"showFog":true,"showSkybox":true,"showFlares":true,"showImageEffects":true,"showParticleSystems":true,"showVisualEffectGraphs":true,"m_FxEnabled":true},"in2DMode":false,"pivot":{"x":-7.049770355224609,"y":-10.195420265197754,"z":14.601114273071289},"rotation":{"x":0.20603427290916444,"y":-0.38063281774520876,"z":0.08825793117284775,"w":0.8979361057281494},"size":11.039599418640137,"orthographic":false}