{"cameraMode":{"drawMode":0,"name":"Shaded","section":"Shading Mode"},"sceneLighting":true,"audioPlay":false,"sceneViewState":{"m_AlwaysRefresh":false,"showFog":true,"showSkybox":true,"showFlares":true,"showImageEffects":true,"showParticleSystems":true,"showVisualEffectGraphs":true,"m_FxEnabled":true},"in2DMode":false,"pivot":{"x":3.5504188537597658,"y":-2.2428154945373537,"z":11.000809669494629},"rotation":{"x":-0.18012169003486634,"y":-0.5777072310447693,"z":0.13224688172340394,"w":-0.7853403091430664},"size":6.170968532562256,"orthographic":false}