{"cameraMode":{"drawMode":0,"name":"Shaded","section":"Shading Mode"},"sceneLighting":false,"audioPlay":false,"sceneViewState":{"m_AlwaysRefresh":false,"showFog":true,"showSkybox":true,"showFlares":false,"showImageEffects":true,"showParticleSystems":true,"showVisualEffectGraphs":true,"m_FxEnabled":false},"in2DMode":false,"pivot":{"x":1.7151424884796143,"y":0.19559168815612794,"z":2.9125099182128908},"rotation":{"x":0.015546162612736225,"y":-0.9843328595161438,"z":0.11600500345230103,"w":0.13193057477474214},"size":4.3712005615234379,"orthographic":false}