{"cameraMode":{"drawMode":0,"name":"Shaded","section":"Shading Mode"},"sceneLighting":true,"audioPlay":false,"sceneViewState":{"m_AlwaysRefresh":false,"showFog":true,"showSkybox":true,"showFlares":false,"showImageEffects":true,"showParticleSystems":true,"showVisualEffectGraphs":true,"m_FxEnabled":true},"in2DMode":false,"pivot":{"x":-16.653005599975587,"y":-0.8912022113800049,"z":49.86274337768555},"rotation":{"x":-0.09806414693593979,"y":-0.19105423986911775,"z":0.037583258002996448,"w":-0.9772151708602905},"size":18.186532974243165,"orthographic":false}