{"cameraMode":{"drawMode":0,"name":"Shaded","section":"Shading Mode"},"sceneLighting":false,"audioPlay":false,"sceneViewState":{"m_AlwaysRefresh":false,"showFog":true,"showSkybox":false,"showFlares":true,"showImageEffects":true,"showParticleSystems":true,"showVisualEffectGraphs":true,"m_FxEnabled":true},"in2DMode":false,"pivot":{"x":8.007125854492188,"y":1.9210596084594727,"z":8.360198974609375},"rotation":{"x":-0.15631189942359925,"y":0.10534745454788208,"z":-0.016381749883294107,"w":-0.9820283055305481},"size":0.32375162839889529,"orthographic":false}