{"cameraMode":{"drawMode":0,"name":"Shaded","section":"Shading Mode"},"sceneLighting":false,"audioPlay":false,"sceneViewState":{"m_AlwaysRefresh":true,"showFog":true,"showSkybox":false,"showFlares":true,"showImageEffects":true,"showParticleSystems":true,"showVisualEffectGraphs":true,"m_FxEnabled":false},"in2DMode":false,"pivot":{"x":0.000072479248046875,"y":4.263437747955322,"z":-0.29404234886169436},"rotation":{"x":-0.01682410202920437,"y":-0.9822578430175781,"z":0.1517806500196457,"w":-0.10887744277715683},"size":7.047429084777832,"orthographic":false}