{"cameraMode":{"drawMode":0,"name":"Shaded","section":"Shading Mode"},"sceneLighting":false,"audioPlay":false,"sceneViewState":{"m_AlwaysRefresh":true,"showFog":true,"showSkybox":false,"showFlares":true,"showImageEffects":true,"showParticleSystems":true,"showVisualEffectGraphs":true,"m_FxEnabled":true},"in2DMode":false,"pivot":{"x":-0.1639326810836792,"y":6.063884735107422,"z":-0.18873953819274903},"rotation":{"x":-0.033954083919525149,"y":0.08936193585395813,"z":0.00018809462198987603,"w":-0.996486246585846},"size":4.535712242126465,"orthographic":false}