{"cameraMode":{"drawMode":0,"name":"Shaded","section":"Shading Mode"},"sceneLighting":false,"audioPlay":false,"sceneViewState":{"m_AlwaysRefresh":true,"showFog":true,"showSkybox":false,"showFlares":true,"showImageEffects":true,"showParticleSystems":true,"showVisualEffectGraphs":true,"m_FxEnabled":true},"in2DMode":false,"pivot":{"x":0.02253541350364685,"y":1.274292230606079,"z":0.011828146874904633},"rotation":{"x":-0.0026686727069318296,"y":1.0000396966934205,"z":0.04428386315703392,"w":-0.008590014651417733},"size":1.6521075963974,"orthographic":false}