{"cameraMode":{"drawMode":0,"name":"Shaded","section":"Shading Mode"},"sceneLighting":false,"audioPlay":false,"sceneViewState":{"m_AlwaysRefresh":true,"showFog":true,"showSkybox":false,"showFlares":true,"showImageEffects":true,"showParticleSystems":true,"showVisualEffectGraphs":true,"m_FxEnabled":true},"in2DMode":false,"pivot":{"x":3.6871862411499025,"y":2.226656913757324,"z":15.458237648010254},"rotation":{"x":-0.01577766239643097,"y":0.9842128753662109,"z":-0.12048248201608658,"w":-0.12887132167816163},"size":3.4766271114349367,"orthographic":false}