{"cameraMode":{"drawMode":0,"name":"Shaded","section":"Shading Mode"},"sceneLighting":false,"audioPlay":false,"sceneViewState":{"m_AlwaysRefresh":true,"showFog":true,"showSkybox":false,"showFlares":true,"showImageEffects":true,"showParticleSystems":true,"showVisualEffectGraphs":true,"m_FxEnabled":true},"in2DMode":false,"pivot":{"x":-0.31714141368865969,"y":2.6725234985351564,"z":1.105271339416504},"rotation":{"x":-0.033954083919525149,"y":0.08936193585395813,"z":0.00018809462198987603,"w":-0.996486246585846},"size":2.6563925743103029,"orthographic":false}