{"cameraMode":{"drawMode":0,"name":"Shaded","section":"Shading Mode"},"sceneLighting":false,"audioPlay":false,"sceneViewState":{"m_AlwaysRefresh":true,"showFog":false,"showSkybox":false,"showFlares":true,"showImageEffects":true,"showParticleSystems":true,"showVisualEffectGraphs":true,"m_FxEnabled":true},"in2DMode":false,"pivot":{"x":18.059982299804689,"y":0.5947611331939697,"z":24.180320739746095},"rotation":{"x":-0.1350286602973938,"y":-0.009123272262513638,"z":-0.001211319351568818,"w":-0.9916012287139893},"size":2.275620698928833,"orthographic":false}