{"cameraMode":{"drawMode":0,"name":"Shaded","section":"Shading Mode"},"sceneLighting":false,"audioPlay":false,"sceneViewState":{"m_AlwaysRefresh":true,"showFog":true,"showSkybox":false,"showFlares":true,"showImageEffects":true,"showParticleSystems":true,"showVisualEffectGraphs":true,"m_FxEnabled":true},"in2DMode":false,"pivot":{"x":15.024772644042969,"y":3.7521286010742189,"z":12.297103881835938},"rotation":{"x":0.004682199098169804,"y":-0.9163240790367127,"z":-0.010712504386901856,"w":-0.4003281891345978},"size":7.397229194641113,"orthographic":false}