{"cameraMode":{"drawMode":0,"name":"Shaded","section":"Shading Mode"},"sceneLighting":false,"audioPlay":false,"sceneViewState":{"m_AlwaysRefresh":true,"showFog":true,"showSkybox":false,"showFlares":true,"showImageEffects":true,"showParticleSystems":true,"showVisualEffectGraphs":true,"m_FxEnabled":false},"in2DMode":false,"pivot":{"x":13.452985763549805,"y":0.9137158393859863,"z":7.585738182067871},"rotation":{"x":-0.04095057025551796,"y":0.9547991156578064,"z":-0.25160059332847597,"w":-0.15383070707321168},"size":7.067375183105469,"orthographic":false}