{"cameraMode":{"drawMode":0,"name":"Shaded","section":"Shading Mode"},"sceneLighting":false,"audioPlay":false,"sceneViewState":{"m_AlwaysRefresh":true,"showFog":true,"showSkybox":false,"showFlares":true,"showImageEffects":true,"showParticleSystems":true,"showVisualEffectGraphs":true,"m_FxEnabled":true},"in2DMode":false,"pivot":{"x":6.950504779815674,"y":1.4161709547042847,"z":12.14943790435791},"rotation":{"x":0.023049769923090936,"y":0.9765028357505798,"z":-0.14439749717712403,"w":0.15973153710365296},"size":3.2460432052612306,"orthographic":false}