{"cameraMode":{"drawMode":0,"name":"Shaded","section":"Shading Mode"},"sceneLighting":false,"audioPlay":false,"sceneViewState":{"m_AlwaysRefresh":true,"showFog":true,"showSkybox":false,"showFlares":true,"showImageEffects":true,"showParticleSystems":true,"showVisualEffectGraphs":true,"m_FxEnabled":true},"in2DMode":false,"pivot":{"x":6.7575578689575199,"y":1.7598211765289307,"z":13.061594009399414},"rotation":{"x":-0.01577766239643097,"y":0.9842128753662109,"z":-0.12048248201608658,"w":-0.12887132167816163},"size":3.434515953063965,"orthographic":false}