{"cameraMode":{"drawMode":0,"name":"Shaded","section":"Shading Mode"},"sceneLighting":false,"audioPlay":false,"sceneViewState":{"m_AlwaysRefresh":true,"showFog":false,"showSkybox":false,"showFlares":true,"showImageEffects":false,"showParticleSystems":true,"showVisualEffectGraphs":true,"m_FxEnabled":true},"in2DMode":false,"pivot":{"x":1.1538923978805543,"y":1.9313603639602662,"z":14.21560001373291},"rotation":{"x":-0.0005974625237286091,"y":0.998973548412323,"z":-0.021303720772266389,"w":-0.041946589946746829},"size":1.7409753799438477,"orthographic":false}