{"cameraMode":{"drawMode":0,"name":"Shaded","section":"Shading Mode"},"sceneLighting":false,"audioPlay":false,"sceneViewState":{"m_AlwaysRefresh":false,"showFog":false,"showSkybox":false,"showFlares":false,"showImageEffects":false,"showParticleSystems":false,"showVisualEffectGraphs":true,"m_FxEnabled":true},"in2DMode":false,"pivot":{"x":0.243942528963089,"y":0.4013042747974396,"z":1.0535383224487305},"rotation":{"x":-0.009672384709119797,"y":0.9650110602378845,"z":-0.25961795449256899,"w":-0.03591177985072136},"size":0.3073950409889221,"orthographic":false}