{"cameraMode":{"drawMode":0,"name":"Shaded","section":"Shading Mode"},"sceneLighting":false,"audioPlay":false,"sceneViewState":{"m_AlwaysRefresh":true,"showFog":false,"showSkybox":false,"showFlares":true,"showImageEffects":false,"showParticleSystems":true,"showVisualEffectGraphs":true,"m_FxEnabled":true},"in2DMode":false,"pivot":{"x":-1.4704264402389527,"y":1.6989049911499024,"z":11.991888046264649},"rotation":{"x":0.0005980278947390616,"y":0.9955856800079346,"z":-0.09467430412769318,"w":0.002998136216774583},"size":2.619751453399658,"orthographic":false}