{"cameraMode":{"drawMode":0,"name":"Shaded","section":"Shading Mode"},"sceneLighting":false,"audioPlay":false,"sceneViewState":{"m_AlwaysRefresh":true,"showFog":true,"showSkybox":false,"showFlares":true,"showImageEffects":true,"showParticleSystems":true,"showVisualEffectGraphs":true,"m_FxEnabled":true},"in2DMode":false,"pivot":{"x":-1.9783987998962403,"y":1.5805821418762208,"z":14.407289505004883},"rotation":{"x":-0.011713076382875443,"y":0.9837727546691895,"z":-0.06977525353431702,"w":-0.16502299904823304},"size":1.3574397563934327,"orthographic":false}