{"cameraMode":{"drawMode":0,"name":"Shaded","section":"Shading Mode"},"sceneLighting":false,"audioPlay":false,"sceneViewState":{"m_AlwaysRefresh":true,"showFog":true,"showSkybox":false,"showFlares":true,"showImageEffects":true,"showParticleSystems":true,"showVisualEffectGraphs":true,"m_FxEnabled":true},"in2DMode":false,"pivot":{"x":-0.08578348159790039,"y":2.625154972076416,"z":0.020304277539253236},"rotation":{"x":-0.033954083919525149,"y":0.08936193585395813,"z":0.00018809462198987603,"w":-0.996486246585846},"size":3.4275877475738527,"orthographic":false}