{"cameraMode":{"drawMode":0,"name":"Shaded","section":"Shading Mode"},"sceneLighting":false,"audioPlay":false,"sceneViewState":{"m_AlwaysRefresh":true,"showFog":true,"showSkybox":false,"showFlares":true,"showImageEffects":true,"showParticleSystems":true,"showVisualEffectGraphs":true,"m_FxEnabled":true},"in2DMode":false,"pivot":{"x":0.06076991558074951,"y":1.2880496978759766,"z":0.19842705130577088},"rotation":{"x":-0.005145126488059759,"y":0.9989756345748901,"z":0.044066499918699267,"w":0.04691565781831741},"size":1.907647967338562,"orthographic":false}