{"cameraMode":{"drawMode":0,"name":"Shaded","section":"Shading Mode"},"sceneLighting":false,"audioPlay":false,"sceneViewState":{"m_AlwaysRefresh":true,"showFog":true,"showSkybox":false,"showFlares":true,"showImageEffects":true,"showParticleSystems":true,"showVisualEffectGraphs":true,"m_FxEnabled":true},"in2DMode":false,"pivot":{"x":-1.0344632863998414,"y":1.5450903177261353,"z":-1.6139898300170899},"rotation":{"x":0.1260894536972046,"y":-0.10201552510261536,"z":-0.010706865228712559,"w":-0.9877774119377136},"size":0.8660253882408142,"orthographic":false}