{"cameraMode":{"drawMode":0,"name":"Shaded","section":"Shading Mode"},"sceneLighting":false,"audioPlay":false,"sceneViewState":{"m_AlwaysRefresh":true,"showFog":true,"showSkybox":false,"showFlares":true,"showImageEffects":true,"showParticleSystems":true,"showVisualEffectGraphs":true,"m_FxEnabled":true},"in2DMode":false,"pivot":{"x":0.023224007338285447,"y":1.2561854124069214,"z":1.6197950839996338},"rotation":{"x":0.12890326976776124,"y":0.07971788942813873,"z":-0.013170651160180569,"w":0.9894347190856934},"size":2.1509220600128176,"orthographic":false}