{"cameraMode":{"drawMode":0,"name":"Shaded","section":"Shading Mode"},"sceneLighting":false,"audioPlay":false,"sceneViewState":{"m_AlwaysRefresh":true,"showFog":true,"showSkybox":false,"showFlares":true,"showImageEffects":true,"showParticleSystems":true,"showVisualEffectGraphs":true,"m_FxEnabled":false},"in2DMode":false,"pivot":{"x":8.395195007324219,"y":2.135451316833496,"z":11.891361236572266},"rotation":{"x":0.0002552177174948156,"y":0.9998064041137695,"z":-0.018307702615857126,"w":0.011677337810397148},"size":1.907647728919983,"orthographic":false}