{"cameraMode":{"drawMode":0,"name":"Shaded","section":"Shading Mode"},"sceneLighting":false,"audioPlay":false,"sceneViewState":{"m_AlwaysRefresh":true,"showFog":true,"showSkybox":false,"showFlares":true,"showImageEffects":true,"showParticleSystems":true,"showVisualEffectGraphs":true,"m_FxEnabled":true},"in2DMode":false,"pivot":{"x":8.319999694824219,"y":1.9259107112884522,"z":12.306426048278809},"rotation":{"x":-0.01577766239643097,"y":0.9842128753662109,"z":-0.12048248201608658,"w":-0.12887132167816163},"size":3.2749931812286379,"orthographic":false}