{"cameraMode":{"drawMode":0,"name":"Shaded","section":"Shading Mode"},"sceneLighting":false,"audioPlay":false,"sceneViewState":{"m_AlwaysRefresh":false,"showFog":true,"showSkybox":false,"showFlares":true,"showImageEffects":true,"showParticleSystems":true,"showVisualEffectGraphs":true,"m_FxEnabled":true},"in2DMode":false,"pivot":{"x":6.923412322998047,"y":1.9467287063598633,"z":9.393827438354493},"rotation":{"x":-0.15631189942359925,"y":0.10534745454788208,"z":-0.016381749883294107,"w":-0.9820283055305481},"size":0.3112957179546356,"orthographic":false}