{"cameraMode":{"drawMode":0,"name":"Shaded","section":"Shading Mode"},"sceneLighting":false,"audioPlay":false,"sceneViewState":{"m_AlwaysRefresh":true,"showFog":true,"showSkybox":false,"showFlares":true,"showImageEffects":true,"showParticleSystems":true,"showVisualEffectGraphs":true,"m_FxEnabled":true},"in2DMode":false,"pivot":{"x":-2.384185791015625e-7,"y":1.2819242477416993,"z":-0.015071213245391846},"rotation":{"x":-0.0026686727069318296,"y":1.0000396966934205,"z":0.04428386315703392,"w":-0.008590014651417733},"size":1.6493674516677857,"orthographic":false}