{"cameraMode":{"drawMode":0,"name":"Shaded","section":"Shading Mode"},"sceneLighting":false,"audioPlay":false,"sceneViewState":{"m_AlwaysRefresh":true,"showFog":true,"showSkybox":false,"showFlares":true,"showImageEffects":true,"showParticleSystems":true,"showVisualEffectGraphs":true,"m_FxEnabled":false},"in2DMode":false,"pivot":{"x":8.231504440307618,"y":1.2279417514801026,"z":15.808022499084473},"rotation":{"x":-0.043559882789850238,"y":0.9344663023948669,"z":-0.12295441329479218,"w":-0.3314239978790283},"size":1.8065241575241089,"orthographic":false}