{"cameraMode":{"drawMode":0,"name":"Shaded","section":"Shading Mode"},"sceneLighting":false,"audioPlay":false,"sceneViewState":{"m_AlwaysRefresh":true,"showFog":true,"showSkybox":false,"showFlares":true,"showImageEffects":true,"showParticleSystems":true,"showVisualEffectGraphs":true,"m_FxEnabled":false},"in2DMode":false,"pivot":{"x":8.755398750305176,"y":2.2727293968200685,"z":16.04219627380371},"rotation":{"x":-0.00010827889491338283,"y":0.9985169768333435,"z":0.002688482403755188,"w":0.05515403673052788},"size":1.8065241575241089,"orthographic":false}