{"cameraMode":{"drawMode":0,"name":"Shaded","section":"Shading Mode"},"sceneLighting":true,"audioPlay":false,"sceneViewState":{"m_AlwaysRefresh":true,"showFog":true,"showSkybox":false,"showFlares":true,"showImageEffects":true,"showParticleSystems":true,"showVisualEffectGraphs":true,"m_FxEnabled":true},"in2DMode":false,"pivot":{"x":8.636610984802246,"y":1.664685606956482,"z":9.916464805603028},"rotation":{"x":0.022244155406951906,"y":-0.973707914352417,"z":0.10883212089538574,"w":0.19900867342948914},"size":2.6704227924346926,"orthographic":false}