{"cameraMode":{"drawMode":0,"name":"Shaded","section":"Shading Mode"},"sceneLighting":false,"audioPlay":false,"sceneViewState":{"m_AlwaysRefresh":true,"showFog":true,"showSkybox":false,"showFlares":true,"showImageEffects":true,"showParticleSystems":true,"showVisualEffectGraphs":true,"m_FxEnabled":true},"in2DMode":false,"pivot":{"x":-0.000006318092346191406,"y":1.2877416610717774,"z":-0.013409286737442017},"rotation":{"x":-0.0026686727069318296,"y":1.0000396966934205,"z":0.04428386315703392,"w":-0.008590014651417733},"size":1.9896137714385987,"orthographic":false}