{"cameraMode":{"drawMode":0,"name":"Shaded","section":"Shading Mode"},"sceneLighting":false,"audioPlay":false,"sceneViewState":{"m_AlwaysRefresh":true,"showFog":true,"showSkybox":false,"showFlares":true,"showImageEffects":true,"showParticleSystems":true,"showVisualEffectGraphs":true,"m_FxEnabled":false},"in2DMode":false,"pivot":{"x":6.58438777923584,"y":2.287069320678711,"z":22.112363815307618},"rotation":{"x":-0.004809267818927765,"y":0.014975500293076039,"z":-0.00008213851106120273,"w":-0.9999203681945801},"size":4.666433334350586,"orthographic":false}