{"cameraMode":{"drawMode":0,"name":"Shaded","section":"Shading Mode"},"sceneLighting":false,"audioPlay":false,"sceneViewState":{"m_AlwaysRefresh":true,"showFog":true,"showSkybox":false,"showFlares":true,"showImageEffects":true,"showParticleSystems":true,"showVisualEffectGraphs":true,"m_FxEnabled":false},"in2DMode":false,"pivot":{"x":7.165364742279053,"y":0.9981226921081543,"z":14.47314167022705},"rotation":{"x":0.041584696620702746,"y":0.9354019165039063,"z":-0.11734019964933396,"w":0.33106914162635805},"size":2.5680859088897707,"orthographic":false}