{"cameraMode":{"drawMode":0,"name":"Shaded","section":"Shading Mode"},"sceneLighting":false,"audioPlay":false,"sceneViewState":{"m_AlwaysRefresh":true,"showFog":true,"showSkybox":false,"showFlares":true,"showImageEffects":true,"showParticleSystems":true,"showVisualEffectGraphs":true,"m_FxEnabled":false},"in2DMode":false,"pivot":{"x":4.544692039489746,"y":0.6315658092498779,"z":14.19098949432373},"rotation":{"x":-0.06036514788866043,"y":0.8645380735397339,"z":-0.10717136412858963,"w":-0.48736876249313357},"size":2.2680859565734865,"orthographic":false}