{"cameraMode":{"drawMode":0,"name":"Shaded","section":"Shading Mode"},"sceneLighting":false,"audioPlay":false,"sceneViewState":{"m_AlwaysRefresh":true,"showFog":true,"showSkybox":false,"showFlares":true,"showImageEffects":true,"showParticleSystems":true,"showVisualEffectGraphs":true,"m_FxEnabled":false},"in2DMode":false,"pivot":{"x":5.6080780029296879,"y":0.6961169838905335,"z":13.949726104736329},"rotation":{"x":-0.04044472798705101,"y":0.9452200531959534,"z":-0.1286974400281906,"w":-0.29739683866500857},"size":2.2680859565734865,"orthographic":false}