{"cameraMode":{"drawMode":0,"name":"Shaded","section":"Shading Mode"},"sceneLighting":false,"audioPlay":false,"sceneViewState":{"m_AlwaysRefresh":true,"showFog":true,"showSkybox":false,"showFlares":true,"showImageEffects":true,"showParticleSystems":true,"showVisualEffectGraphs":true,"m_FxEnabled":true},"in2DMode":false,"pivot":{"x":6.70871639251709,"y":1.8970000743865967,"z":15.370336532592774},"rotation":{"x":-0.10986653715372086,"y":0.46662476658821108,"z":-0.05853759124875069,"w":-0.8756777048110962},"size":1.6238117218017579,"orthographic":false}