{"cameraMode":{"drawMode":0,"name":"Shaded","section":"Shading Mode"},"sceneLighting":true,"audioPlay":false,"sceneViewState":{"m_AlwaysRefresh":true,"showFog":true,"showSkybox":false,"showFlares":true,"showImageEffects":true,"showParticleSystems":true,"showVisualEffectGraphs":true,"m_FxEnabled":true},"in2DMode":false,"pivot":{"x":10.220532417297364,"y":1.1834017038345338,"z":15.464689254760743},"rotation":{"x":-0.021660517901182176,"y":0.9738542437553406,"z":-0.20025864243507386,"w":-0.10528773814439774},"size":1.0343852043151856,"orthographic":false}