{"cameraMode":{"drawMode":0,"name":"Shaded","section":"Shading Mode"},"sceneLighting":false,"audioPlay":false,"sceneViewState":{"m_AlwaysRefresh":false,"showFog":true,"showSkybox":false,"showFlares":true,"showImageEffects":true,"showParticleSystems":true,"showVisualEffectGraphs":true,"m_FxEnabled":true},"in2DMode":false,"pivot":{"x":11.003684997558594,"y":3.1763999462127687,"z":7.985000133514404},"rotation":{"x":-0.15631189942359925,"y":0.10534745454788208,"z":-0.016381749883294107,"w":-0.9820283055305481},"size":1.8891178369522095,"orthographic":false}